{
  "essential_oils": [
    {
      "id": 1,
      "name": "Amyris",
      "chinese_name": "西印度檀香精油",
      "scent_profile": "溫暖木質香",
      "notes": "base",
      "properties": ["放鬆", "舒緩", "温暖"]
    },
    {
      "id": 2,
      "name": "Basil",
      "chinese_name": "羅勒精油",
      "scent_profile": "清新草本香",
      "notes": "top",
      "properties": ["提神", "集中", "清新"]
    },
    {
      "id": 3,
      "name": "Balsam Fir",
      "chinese_name": "膠冷杉精油",
      "scent_profile": "森林針葉香",
      "notes": "middle",
      "properties": ["淨化", "清新", "森林"]
    },
    {
      "id": 4,
      "name": "Benzoin",
      "chinese_name": "安息香精油",
      "scent_profile": "甜美由脂香",
      "notes": "base",
      "properties": ["溫暖", "舍舒", "甜美"]
    },
    {
      "id": 5,
      "name": "Bergamot",
      "chinese_name": "佛手柑精油",
      "scent_profile": "清新柑橘香",
      "notes": "top",
      "properties": ["提振", "清新", "和脱"]
    },
    {
      "id": 6,
      "name": "Black Pepper",
      "chinese_name": "黑胡椒精油",
      "scent_profile": "辛辣溫暖香",
      "notes": "middle",
      "properties": ["暖身", "激勵", "兴奮"]
    },
    {
      "id": 7,
      "name": "Cabreuva",
      "chinese_name": "紅檀木精油",
      "scent_profile": "溫暖木質香",
      "notes": "base",
      "properties": ["沉穩", "溫暖", "高雅"]
    },
    {
      "id": 8,
      "name": "Cedarwood Virginian",
      "chinese_name": "維吉尼亞雪松精油",
      "scent_profile": "乾燥木質香",
      "notes": "base",
      "properties": ["安祚", "酸静", "木質"]
    },
    {
      "id": 9,
      "name": "Cedarwood Atlas",
      "chinese_name": "大西洋雪松精油",
      "scent_profile": "溫暖木質香",
      "notes": "base",
      "properties": ["镸定", "放鬆", "木質"]
    },
    {
      "id": 10,
      "name": "Chamomile Roman",
      "chinese_name": "羅馬洋甘菊精油",
      "scent_profile": "温和花香",
      "notes": "middle",
      "properties": ["舒緩", "安祚", "温和"]
    },
    {
      "id": 11,
      "name": "Chamomile German",
      "chinese_name": "德國洋甘菊精油",
      "scent_profile": "草本花香",
      "notes": "middle",
      "properties": ["鎬定", "治療", "温和"]
    },
    {
      "id": 12,
      "name": "Cinnamon",
      "chinese_name": "锡蘭肉桂精油",
      "scent_profile": "溫暖辛香",
      "notes": "middle",
      "properties": ["暖身", "激勵", "香甜"]
    },
    {
      "id": 13,
      "name": "Clary Sage",
      "chinese_name": "快樂鼠尾草精油",
      "scent_profile": "草本清香",
      "notes": "top",
      "properties": ["平衡", "褒諷", "放鬆"]
    },
    {
      "id": 14,
      "name": "Clove",
      "chinese_name": "丁香精油",
      "scent_profile": "濃郁辛香",
      "notes": "middle",
      "properties": ["暖身", "激勵", "辛辣"]
    },
    {
      "id": 15,
      "name": "Cypress",
      "chinese_name": "絲柏精油",
      "scent_profile": "清新木質香",
      "notes": "middle",
      "properties": ["淨化", "清新", "安祚"]
    },
    {
      "id": 16,
      "name": "Elemi",
      "chinese_name": "欖香脂精油",
      "scent_profile": "清新樹脂香",
      "notes": "top",
      "properties": ["淨化", "提神", "清新"]
    },
    {
      "id": 17,
      "name": "Eucalyptus",
      "chinese_name": "藍膜尤加利精油",
      "scent_profile": "清涼薬草香",
      "notes": "top",
      "properties": ["清涼", "提神", "淨化"]
    },
    {
      "id": 18,
      "name": "Frankincense",
      "chinese_name": "乳香精油",
      "scent_profile": "神聖樹脂香",
      "notes": "base",
      "properties": ["寗想", "安祚", "神聖"]
    },
    {
      "id": 19,
      "name": "Galbanum",
      "chinese_name": "白松香精油",
      "scent_profile": "清新樹脂香",
      "notes": "top",
      "properties": ["清新", "綠色", "淨化"]
    },
    {
      "id": 20,
      "name": "Geranium",
      "chinese_name": "天竹葵精油",
      "scent_profile": "甘美花香",
      "notes": "middle",
      "properties": ["平衡", "美容", "花香"]
    },
    {
      "id": 21,
      "name": "Ginger",
      "chinese_name": "薄精油",
      "scent_profile": "溫暖辛香",
      "notes": "middle",
      "properties": ["暖身", "激勵", "消化"]
    },
    {
      "id": 22,
      "name": "Grapefruit",
      "chinese_name": "葡萄柚精油",
      "scent_profile": "清新柑橘香",
      "notes": "top",
      "properties": ["提振", "清新", "活力"]
    },
    {
      "id": 23,
      "name": "Guaiacwood",
      "chinese_name": "癒創木精油",
      "scent_profile": "煙熊木質香",
      "notes": "base",
      "properties": ["沉穩", "煥熊", "神秘"]
    },
    {
      "id": 24,
      "name": "Helichrysum",
      "chinese_name": "永久花精油",
      "scent_profile": "草本花香",
      "notes": "middle",
      "properties": ["治療", "美容", "珍貴"]
    },
    {
      "id": 25,
      "name": "Ho Wood",
      "chinese_name": "芳樟精油",
      "scent_profile": "清淡木質香",
      "notes": "middle",
      "properties": ["清淡", "温和", "放鬆"]
    },
    {
      "id": 26,
      "name": "Juniper Berry",
      "chinese_name": "杜松漿果精油",
      "scent_profile": "清新樹果香",
      "notes": "middle",
      "properties": ["淨化", "清新", "森林"]
    },
    {
      "id": 27,
      "name": "Labdanum Resinoid",
      "chinese_name": "岩玫瑰精油",
      "scent_profile": "濃郁樹脂香",
      "notes": "base",
      "properties": ["濃郁", "神秘", "溫暖"]
    },
    {
      "id": 28,
      "name": "Lemon",
      "chinese_name": "檸檬精油",
      "scent_profile": "清新柑橘香",
      "notes": "top",
      "properties": ["清新", "提神", "凈化"]
    },
    {
      "id": 29,
      "name": "Lime",
      "chinese_name": "萊姆精油",
      "scent_profile": "酸甜柑橘香",
      "notes": "top",
      "properties": ["清新", "活力", "酸甜"]
    },
    {
      "id": 30,
      "name": "Litsea Cubeba",
      "chinese_name": "山雞椒精油",
      "scent_profile": "清香柑橘香",
      "notes": "top",
      "properties": ["清香", "提神", "淨化"]
    },
    {
      "id": 31,
      "name": "Myrrh",
      "chinese_name": "沒藥精油",
      "scent_profile": "濃郁樹脂香",
      "notes": "base",
      "properties": ["寗想", "沉穩", "神聖"]
    },
    {
      "id": 32,
      "name": "Neroli",
      "chinese_name": "橙花精油",
      "scent_profile": "高雅花香",
      "notes": "middle",
      "properties": ["純潔", "高雅", "涪漫"]
    },
    {
      "id": 33,
      "name": "Nutmeg",
      "chinese_name": "肉豆蔺精油",
      "scent_profile": "溫暖辛香",
      "notes": "middle",
      "properties": ["溫暖", "激勵", "辛香"]
    },
    {
      "id": 34,
      "name": "Orange Sweet",
      "chinese_name": "甜橙精油",
      "scent_profile": "甜美柑橘香",
      "notes": "top",
      "properties": ["愉悦", "甜美", "渫暖"]
    },
    {
      "id": 35,
      "name": "Palmarosa",
      "chinese_name": "玫瑰草精油",
      "scent_profile": "清香草本香",
      "notes": "middle",
      "properties": ["清香", "美容", "平衡"]
    },
    {
      "id": 36,
      "name": "Patchouli",
      "chinese_name": "廣霍香精油",
      "scent_profile": "沉厚土質香",
      "notes": "base",
      "properties": ["沉穩", "神秘", "土質"]
    },
    {
      "id": 37,
      "name": "Peppermint",
      "chinese_name": "歐薄荷精油",
      "scent_profile": "清涼薬草香",
      "notes": "top",
      "properties": ["清涼", "提神", "活力"]
    },
    {
      "id": 38,
      "name": "Petitgrain",
      "chinese_name": "苦橙葉精油",
      "scent_profile": "清香葉片香",
      "notes": "top",
      "properties": ["清香", "淨化", "清新"]
    },
    {
      "id": 39,
      "name": "Pine Needle, Bulgarian",
      "chinese_name": "歐洲赤松精油",
      "scent_profile": "清新針葉香",
      "notes": "middle",
      "properties": ["清新", "森林", "淨化"]
    },
    {
      "id": 40,
      "name": "Ravensara",
      "chinese_name": "羅文莎葉精油",
      "scent_profile": "清香薬草香",
      "notes": "top",
      "properties": ["清香", "治療", "淨化"]
    },
    {
      "id": 41,
      "name": "Rose",
      "chinese_name": "大馬士革玫瑰精油",
      "scent_profile": "高貴花香",
      "notes": "middle",
      "properties": ["高貴", "涪漫", "美容"]
    },
    {
      "id": 42,
      "name": "Rosemary",
      "chinese_name": "桉油醇迷迭香精油",
      "scent_profile": "清香草本香",
      "notes": "top",
      "properties": ["集中", "提神", "清香"]
    },
    {
      "id": 43,
      "name": "Sandalwood East Indian",
      "chinese_name": "東印度檀香精油",
      "scent_profile": "渫暖檀香",
      "notes": "base",
      "properties": ["寗想", "渫暖", "沉穩"]
    },
    {
      "id": 44,
      "name": "Spearmint",
      "chinese_name": "綠薄荷精油",
      "scent_profile": "清涼薬草香",
      "notes": "top",
      "properties": ["清涼", "清新", "活力"]
    },
    {
      "id": 45,
      "name": "Spruce",
      "chinese_name": "黑雲杉精油",
      "scent_profile": "清新針葉香",
      "notes": "middle",
      "properties": ["清新", "森林", "乾淨"]
    },
    {
      "id": 46,
      "name": "Sweet Marjoram",
      "chinese_name": "甜馬鬱蘭精油",
      "scent_profile": "溫暖草本香",
      "notes": "middle",
      "properties": ["舒緩", "溫暖", "安祚"]
    },
    {
      "id": 47,
      "name": "Tagetes",
      "chinese_name": "芳香萬壽菊精油",
      "scent_profile": "濃郁花香",
      "notes": "middle",
      "properties": ["濃郁", "異國", "溫暖"]
    },
    {
      "id": 48,
      "name": "Thyme ct. Linalool",
      "chinese_name": "沈香醇百里香精油",
      "scent_profile": "温和草本香",
      "notes": "top",
      "properties": ["渫暖", "治療", "清香"]
    },
    {
      "id": 49,
      "name": "True Lavender",
      "chinese_name": "真正薰衣草精油",
      "scent_profile": "經典薰衣草香",
      "notes": "middle",
      "properties": ["放鬆", "安祚", "經典"]
    },
    {
      "id": 50,
      "name": "Tonka Bean",
      "chinese_name": "零陵香豆原精",
      "scent_profile": "甜腹豆香",
      "notes": "base",
      "properties": ["甜腹", "溫暖", "奢華"]
    },
    {
      "id": 51,
      "name": "Vetivert",
      "chinese_name": "岩蘭草精油",
      "scent_profile": "沉穩根部香",
      "notes": "base",
      "properties": ["沉穩", "土質", "理智"]
    },
    {
      "id": 52,
      "name": "Ylang Ylang",
      "chinese_name": "完全伊蘭精油",
      "scent_profile": "異國花香",
      "notes": "middle",
      "properties": ["涪漫", "異國", "花香"]
    }
  ]
}