{
  "oil_characteristics": {
    "Amyris": {
      "description": "溫和的木質香氣，帶有香脂、淡淡的胡椒或薄味，乾燥後有輕微香草甜味。具有很好的定香作用。能帶來平靜、放鬆的感覺。",
      "applications": ["放鬆與舒緩", "冥想與靜心", "淨化空氣"]
    },
    "Basil": {
      "description": "溫暖、辛辣，帶有草本香氣。有助於恢復精神、安定身心。",
      "applications": ["提神醒腦", "舒緩肌肉", "淨化空間"]
    },
    "Balsam Fir": {
      "description": "清新、純淨的森林香氣，帶有溫暖木質與淡雅樹脂的層次感。能幫助情緒冷靜，平和焦慮。",
      "applications": ["居家香氛", "冥想與放鬆", "呼吸道護理"]
    },
    "Benzoin": {
      "description": "甜美、溫暖，帶有濃郁的香草氣息。具有強大的療癒效果，能帶來安全感，舒緩情緒。",
      "applications": ["情緒舒緩", "肌膚保養", "定香劑"]
    },
    "Bergamot": {
      "description": "清新、細綻的柑橘香氣，帶有花香與微苦的綠意，香氣明亮而不膩。被稱為「心靈提振的小太陽」。",
      "applications": ["情緒提振", "淨化與清潔", "香水"]
    },
    "Black Pepper": {
      "description": "獨特的辛辣和清新的香氣，能帶來強烈的溫熱感。有助於提神、促進循環。",
      "applications": ["身體按摩", "提神醒腦", "烹飪"]
    },
    "Cabreuva": {
      "description": "穩重的木質香調，帶有微甜、悶騷的內在氣味。有助於緩解緊張情緒。",
      "applications": ["情緒舒緩", "調香"]
    },
    "Cedarwood Virginian": {
      "description": "穩重、帶有微甜的木質樹脂香和淡淡煩草味。能鎮靜心神，幫助清除雜念。",
      "applications": ["冥想與放鬆", "情緒穩定"]
    },
    "Cedarwood Atlas": {
      "description": "溫暖的木質香氣，帶有力量與韌性，能給人一種在溫暖小木屋中生火的感覺。",
      "applications": ["情緒安定", "循環與活力", "淨化空間"]
    },
    "Chamomile Roman": {
      "description": "甜美、溫和、帶有果香與草本香氣。被譽為「兒童精油」，具有強大的安撫與鎮靜效果。",
      "applications": ["舒緩情緒", "幫助睡眠", "肌膚護理"]
    },
    "Chamomile German": {
      "description": "具有獨特的藍色，香氣融合了乾燥草藥、溫潤花香與淡淡青草味，尾韻微苦。能帶來穩定、被接納的感受。",
      "applications": ["情緒穩定", "肌膚護理", "溫和晚安配方"]
    },
    "Cinnamon": {
      "description": "溫暖、辛辣、帶有甜味。具有強烈的暖身效果，能提振精神。",
      "applications": ["提升活力", "空間淨化", "暖身按摩"]
    },
    "Clary Sage": {
      "description": "溫暖、草本、帶有堅果味的泥土氣息。被認為是「快樂」的精油，能帶來幸福與平靜感。",
      "applications": ["情緒放鬆", "女性生理期", "幫助睡眠"]
    },
    "Clove": {
      "description": "強烈、溫暖、辛辣的香氣。具有強大的抗菌和止痛效果。",
      "applications": ["空間淨化", "舒緩疼痛", "驅蟲"]
    },
    "Cypress": {
      "description": "清新、潔淨、帶有木質和樹脂香氣。能給人一種穩定、沈著、淨化的感覺。",
      "applications": ["淨化身心", "呼吸道舒緩", "淋巴循環"]
    },
    "Elemi": {
      "description": "清新、辛辣，帶有檸檬和胡椒氣味，同時有淡淡的木質和樹脂香氣。",
      "applications": ["冥想與靜心", "呼吸道支持", "護膚"]
    },
    "Eucalyptus": {
      "description": "強烈、清涼、帶有穿透力的樟腦氣味。具有卓越的淨化和呼吸道暢通效果。",
      "applications": ["呼吸道舒緩", "空間淨化", "提神"]
    },
    "Frankincense": {
      "description": "深沈、溫暖、帶有樹脂和木質香氣，氣味莊重神聖。被譽為「精油之王」。",
      "applications": ["冥想與靈性", "護膚", "情緒安撫"]
    },
    "Galbanum": {
      "description": "具有濃郁、辛辣、苦澀的草本香氣，帶有泥土氣息。",
      "applications": ["鎮靜與修復", "情緒安定", "調香"]
    },
    "Geranium": {
      "description": "甜美、柔和，帶有玫瑰般的濃郁花香。能平衡身心，被譽為「女性必備精油」。",
      "applications": ["情緒平衡", "護膚", "身體保養"]
    },
    "Ginger": {
      "description": "溫暖、辛辣，帶有強烈的薄根氣味。能帶來溫暖和活力。",
      "applications": ["暖身", "消化", "提神"]
    },
    "Grapefruit": {
      "description": "清新、香甜、帶有微苦的柑橘香氣。能提振精神，帶來歡樂氣氛。",
      "applications": ["情緒提振", "淨化與排毒", "控制食慰"]
    },
    "Guaiacwood": {
      "description": "溫暖、煙熊、帶有泥土與木質香氣。能帶來穩定與安定的感覺。",
      "applications": ["情緒穩定", "冥想", "調香"]
    },
    "Helichrysum": {
      "description": "濃郁、溫暖、帶有蜂蜜般的草本香氣。被譽為「不凋花」，具有強大的修復和再生能力。",
      "applications": ["肌膚修復", "情緒療癒", "舒緩疼痛"]
    },
    "Ho Wood": {
      "description": "清新、木質、帶有花香，與花梨木精油氣味相似。",
      "applications": ["情緒安撫", "淨化空間", "護膚"]
    },
    "Juniper Berry": {
      "description": "清新、木質、帶有松脂和果實香氣。能帶來潔淨與淨化的感覺。",
      "applications": ["排毒淨化", "空氣淨化", "提神"]
    },
    "Labdanum Resinoid": {
      "description": "溫暖、甜美、帶有皮革和麝香氣息，香氣濃郁複雜。",
      "applications": ["情緒療癒", "冥想", "調香"]
    },
    "Lemon": {
      "description": "清新、明亮、帶有強烈的柑橘香氣。能振奏精神，淨化空氣。",
      "applications": ["情緒提振", "居家清潔", "淨化排毒"]
    },
    "Lime": {
      "description": "清新、酸甜、帶有強烈的柑橘氣味。",
      "applications": ["提神醒腦", "居家清潔", "心情愉悦"]
    },
    "Litsea Cubeba": {
      "description": "清新、甜美、帶有檸檬草和柑橘的香氣，俗稱「檸檬香茅」。",
      "applications": ["情緒平衡", "驅蟲", "淨化空氣"]
    },
    "Myrrh": {
      "description": "溫暖、煙熊、帶有泥土和香脂氣息。氣味莊嚴神聖，具有強大的修復作用。",
      "applications": ["靈性與冥想", "護膚", "口腔護理"]
    },
    "Neroli": {
      "description": "甜美、細綻、帶有花香和淡淡的柑橘苦味。被稱為「撫慰心靈」的精油，極具療癒效果。",
      "applications": ["情緒安撫", "助眠", "護膚"]
    },
    "Nutmeg": {
      "description": "溫暖、辛辣、帶有甜味。能振奏精神，帶來溫暖感。",
      "applications": ["消化系統", "暖身", "提神"]
    },
    "Orange Sweet": {
      "description": "清新、甜美、陽光般的柑橘香氣。能帶來歡樂、正面的情緒。",
      "applications": ["情緒提振", "居家清潔", "安眠"]
    },
    "Palmarosa": {
      "description": "甜美、清新，帶有玫瑰和天竹葵的香氣。被譽為「窮人的玫瑰」。",
      "applications": ["護膚", "情緒平衡", "淨化"]
    },
    "Patchouli": {
      "description": "濃郁、深沈、帶有泥土、煙熊和木質香氣。氣味持久，具有很好的定香作用。",
      "applications": ["情緒安定", "護膚", "調香"]
    },
    "Peppermint": {
      "description": "強烈、清涼、帶有穿透力的薄荷香氣。能帶來極佳的提神效果。",
      "applications": ["提神醒腦", "呼吸道暢通", "舒緩"]
    },
    "Petitgrain": {
      "description": "清新、帶有綠葉、木質和花香氣息，氣味介於橙花和甜橙之間。",
      "applications": ["情緒平衡", "助眠", "護膚"]
    },
    "Pine Needle, Bulgarian": {
      "description": "清新、乾淨、帶有松樹的木質和針葉香氣。能帶來振奏與淨化的感覺。",
      "applications": ["呼吸道舒緩", "空間淨化", "提振精神"]
    },
    "Ravensara": {
      "description": "清新、藥草、帶有樟腦和尤加利般的氣味，但更加溫和。",
      "applications": ["呼吸道護理", "提振免疫", "情緒舒緩"]
    },
    "Rose": {
      "description": "濃郁、甜美、深沈，帶有經典的玫瑰花香。被譽為「精油之后」。",
      "applications": ["情緒療癒", "護膚", "情感連結"]
    },
    "Rosemary": {
      "description": "清新、強烈、帶有藥草和木質香氣。能帶來極佳的提神效果。",
      "applications": ["提神醒腦", "頭髮護理", "肌肉舒緩"]
    },
    "Sandalwood East Indian": {
      "description": "溫暖、深沈、帶有木質和香脂香氣，氣味持久莊嚴。",
      "applications": ["冥想與靈性", "情緒安定", "護膚"]
    },
    "Spearmint": {
      "description": "清新、甜美、溫和的薄荷香氣，不像歐薄荷那樣具有強烈的穿透力。",
      "applications": ["提神", "消化", "兒童適用"]
    },
    "Spruce": {
      "description": "清新、木質、帶有松脂和泥土氣息。能帶來穩定、踏實與力量感。",
      "applications": ["情緒安定", "呼吸道舒緩", "力量與支持"]
    },
    "Sweet Marjoram": {
      "description": "溫暖、草本、帶有辛辣與木質香氣。",
      "applications": ["放鬆與安眠", "肌肉舒緩", "情緒安定"]
    },
    "Tagetes": {
      "description": "濃郁、甜美、帶有強烈的花草香氣。",
      "applications": ["空間淨化", "驅蟲", "護膚"]
    },
    "Thyme ct. Linalool": {
      "description": "溫和、清新、帶有草本與花香氣息，不像其他百里香品種那樣刺激。",
      "applications": ["提振免疫", "呼吸道護理", "情緒平衡"]
    },
    "True Lavender": {
      "description": "溫和、甜美、帶有花香與草本氣息。是用途最廣泛、最安全的精油之一。",
      "applications": ["舒緩與安眠", "護膚", "情緒平衡"]
    },
    "Tonka Bean": {
      "description": "濃郁、甜美，帶有香草、杏仁和焦糖般的香氣。",
      "applications": ["調香", "情緒安定"]
    },
    "Vetivert": {
      "description": "濃郁、深沈、帶有泥土、煙熊和木質香氣。被譽為「寧靜之油」。",
      "applications": ["情緒安定", "助眠", "調香"]
    },
    "Ylang Ylang": {
      "description": "濃郁、甜美、帶有異國情調的花香。能帶來愉悦與放鬆感。",
      "applications": ["情緒平衡", "情感連結", "頭髮護理"]
    }
  }
}