{
  "purchase_links": {
    "Amyris": "https://www.stardi.com.tw/products/amyris-essential-oil",
    "Basil": "https://www.stardi.com.tw/products/basil-essential-oil",
    "Balsam Fir": "https://www.stardi.com.tw/collections/single-essential-oil",
    "Benzoin": "https://www.stardi.com.tw/products/benzoin-essential-oil",
    "Bergamot": "https://www.stardi.com.tw/products/bergamot-essential-oil",
    "Black Pepper": "https://www.stardi.com.tw/products/black-pepper-essential-oil",
    "Cabreuva": "https://www.stardi.com.tw/products/cabreuva-essential-oil",
    "Cedarwood Virginian": "https://www.stardi.com.tw/products/cedarwood-essential-oil",
    "Cedarwood Atlas": "https://www.stardi.com.tw/collections/single-essential-oil",
    "Chamomile Roman": "https://www.stardi.com.tw/collections/single-essential-oil",
    "Chamomile German": "https://www.stardi.com.tw/collections/single-essential-oil",
    "Cinnamon": "https://www.stardi.com.tw/collections/single-essential-oil",
    "Clary Sage": "https://www.stardi.com.tw/products/clary-sage-essential-oil",
    "Clove": "https://www.stardi.com.tw/collections/single-essential-oil",
    "Cypress": "https://www.stardi.com.tw/products/cypress-essential-oil",
    "Elemi": "https://www.stardi.com.tw/collections/single-essential-oil",
    "Eucalyptus": "https://www.stardi.com.tw/products/eucalyptus-essential-oil",
    "Frankincense": "https://www.stardi.com.tw/products/frankincense-essential-oil",
    "Galbanum": "https://www.stardi.com.tw/collections/single-essential-oil",
    "Geranium": "https://www.stardi.com.tw/products/geranium-essential-oil",
    "Ginger": "https://www.stardi.com.tw/products/ginger-essential-oil",
    "Grapefruit": "https://www.stardi.com.tw/products/grapefruit-essential-oil",
    "Guaiacwood": "https://www.stardi.com.tw/collections/single-essential-oil",
    "Helichrysum": "https://www.stardi.com.tw/collections/single-essential-oil",
    "Ho Wood": "https://www.stardi.com.tw/collections/single-essential-oil",
    "Juniper Berry": "https://www.stardi.com.tw/collections/single-essential-oil",
    "Labdanum Resinoid": "https://www.stardi.com.tw/collections/single-essential-oil",
    "Lemon": "https://www.stardi.com.tw/products/lemon-essential-oil",
    "Lime": "https://www.stardi.com.tw/collections/single-essential-oil",
    "Litsea Cubeba": "https://www.stardi.com.tw/products/litsea-cubeba-essential-oil",
    "Myrrh": "https://www.stardi.com.tw/collections/single-essential-oil",
    "Neroli": "https://www.stardi.com.tw/collections/single-essential-oil",
    "Nutmeg": "https://www.stardi.com.tw/collections/single-essential-oil",
    "Orange Sweet": "https://www.stardi.com.tw/products/orange-sweet-essential-oil",
    "Palmarosa": "https://www.stardi.com.tw/products/palmarosa-essential-oil",
    "Patchouli": "https://www.stardi.com.tw/products/patchouli-essential-oil",
    "Peppermint": "https://www.stardi.com.tw/products/peppermint-mpiperita-essential-oil",
    "Petitgrain": "https://www.stardi.com.tw/products/petitgrain-essential-oil",
    "Pine Needle, Bulgarian": "https://www.stardi.com.tw/products/pine-needle-bulgarian-essential-oil",
    "Ravensara": "https://www.stardi.com.tw/collections/single-essential-oil",
    "Rose": "https://www.stardi.com.tw/collections/single-essential-oil",
    "Rosemary": "https://www.stardi.com.tw/collections/single-essential-oil",
    "Sandalwood East Indian": "https://www.stardi.com.tw/collections/single-essential-oil",
    "Spearmint": "https://www.stardi.com.tw/products/spearmint-essential-oil",
    "Spruce": "https://www.stardi.com.tw/collections/single-essential-oil",
    "Sweet Marjoram": "https://www.stardi.com.tw/products/sweet-marjoram-essential-oil",
    "Tagetes": "https://www.stardi.com.tw/collections/single-essential-oil",
    "Thyme ct. Linalool": "https://www.stardi.com.tw/collections/single-essential-oil",
    "True Lavender": "https://www.stardi.com.tw/products/lavender-essential-oil",
    "Tonka Bean": "https://www.stardi.com.tw/collections/single-essential-oil",
    "Vetivert": "https://www.stardi.com.tw/products/vetiver-essential-oil",
    "Ylang Ylang": "https://www.stardi.com.tw/products/ylang-ylang-essential-oil"
  }
}