{
  "scent_keywords": {
    "清新": ["bergamot", "lemon", "lime", "grapefruit", "eucalyptus", "peppermint", "spearmint", "pine", "spruce", "cypress", "petitgrain", "basil", "rosemary"],
    "花香": ["rose", "neroli", "geranium", "ylang_ylang", "helichrysum", "chamomile", "lavender", "tagetes"],
    "木質": ["cedarwood", "sandalwood", "amyris", "cabreuva", "guaiacwood", "ho_wood"],
    "草本": ["basil", "clary_sage", "rosemary", "thyme", "marjoram", "ravensara", "palmarosa"],
    "樹脂": ["frankincense", "myrrh", "elemi", "galbanum", "labdanum", "benzoin"],
    "辛香": ["black_pepper", "ginger", "cinnamon", "clove", "nutmeg"],
    "柑橘": ["bergamot", "lemon", "lime", "grapefruit", "orange", "litsea_cubeba"],
    "森林": ["pine", "spruce", "balsam_fir", "juniper_berry", "cypress"],
    "溫暖": ["cinnamon", "ginger", "black_pepper", "benzoin", "tonka_bean", "sandalwood"],
    "甜美": ["orange", "benzoin", "tonka_bean", "tagetes"],
    "沈穩": ["patchouli", "vetivert", "frankincense", "myrrh", "sandalwood", "guaiacwood"],
    "高雅": ["rose", "neroli", "sandalwood", "frankincense"],
    "涪漫": ["rose", "ylang_ylang", "neroli"],
    "放鬆": ["lavender", "chamomile", "clary_sage", "benzoin", "marjoram"],
    "提神": ["peppermint", "eucalyptus", "rosemary", "basil", "lemon", "grapefruit"]
  }
}